url_path,views_total,views_unique
/habahabai/mailstorm,102,89
/habahabai/mailstorm/blob/main/main.py,11,6
/habahabai/mailstorm/pulls,8,4
/habahabai/mailstorm/tree/main/tor-expert-bundle-windows-i686-13.5.3/tor-expert-bundle-windows-i686-13.5.3,5,5
/habahabai/mailstorm/issues,5,4
/habahabai/mailstorm/releases/tag/v0.5,4,4
/habahabai/mailstorm/blob/main/api.md,4,3
/habahabai/mailstorm/tree/main/tor-expert-bundle-windows-i686-13.5.3/tor-expert-bundle-windows-i686-13.5.3/tor,3,3
/habahabai/mailstorm/blob/main/build.bat,2,2
/habahabai/mailstorm/blob/main/requirements.txt,2,2
